"","title","company","location","summary","link","postedD"
"1","Analyst or Associate  Specialized Credit Group (SCG)  Corpor","CIBC","Toronto  ON","The Analyst or Associate provides a broad range of analytical and research support to all professionals within the Specialized Credit Group (SCG) team","https://www.indeed.ca/rc/clk?jk=a2d0f5c7219c3629&fccid=f99648405c7e9e3a&vjs=3","1 day ago"
"2","NAM Canada Investment Banking  Full Time Analyst  Toronto","Citi","Toronto  ON","As an Investment Banking Analyst  you will join a training program where you will receive an in-depth education to learn the fundamentals of the Analyst role","https://www.indeed.ca/rc/clk?jk=56c792c4641c36b5&fccid=5bcd1ef0a7f4fb99&vjs=3","14 days ago"
"3","ANALYST  CO-INVESTMENTS – Toronto or Ottawa","Business Development Bank of Canada","Toronto  ON","The Analyst is an integral member of the BDC Venture Coinvestments team and is involved in all aspects of the investment and portfolio management process","https://www.indeed.ca/rc/clk?jk=477f135d9dd964ba&fccid=136e9b110591a1e1&vjs=3","6 days ago"
"4","Financial Analyst (J O#10906ie)","Toronto Transit Commission","Toronto  ON","We are currently seeking a Financial Analyst  SERVICE DELIVERY CONTROL DEPARTMENT","https://www.indeed.ca/rc/clk?jk=ebf20153006371b8&fccid=27e2c072380e79ba&vjs=3","1 day ago"
"5","Analyst  Quantitative Research (Portfolio Research Group)","CPP Investment Board","Toronto  ON","As a Quantitative Research Analyst  you will:  As an Analyst on the Quantitative Research Team in Portfolio Research  you will be involved in all aspects of the","https://www.indeed.ca/rc/clk?jk=96c82ff7d42bd160&fccid=8e6d7fd4989738e8&vjs=3","1 hour ago"
"6","Process Analyst","TD Bank","Toronto  ON","Tell us your story  Don't go unnoticed  Explain why you're a winning candidate  Think ""TD"" if you crave meaningful work and embrace change like we do  We are","https://www.indeed.ca/rc/clk?jk=d2a496f3d0a682ba&fccid=d7114f1cac8d0711&vjs=3","8 hours ago"
"7","Junior Financial Analyst","Avison Young","Toronto  ON","Junior Financial Analyst  We are seeking a full-time Junior Investment Analyst  Ideally  we are looking for highly motivated  skilled and hard-working","https://www.indeed.ca/rc/clk?jk=5d51451a996f2563&fccid=b8540d4697676178&vjs=3","3 days ago"
"8","Analyst  Inbound Fraud (part-time)","Scotiabank","North York  ON","The Analyst  Inbound Fraud is responsible for answering incoming calls from customers and responding to fraud-related inquiries","https://www.indeed.ca/rc/clk?jk=9a73a12a1e69561e&fccid=3002307a9e5b4706&vjs=3","5 days ago"
"9","Collections Management Analyst - Posting #18-410EXT","Toronto Public Library","Toronto  ON","JOB SUMMARY: To compile and provide data and reports as well as to identify problems and recommend solutions to software applications to support the","https://www.indeed.ca/rc/clk?jk=265b2b177ce7ef7b&fccid=c8a1b8dd1840082d&vjs=3","4 days ago"
"10","Part Time Fraud Analyst","Interac","Toronto  ON","Acting as a backup to Full Time Fraud Analysts and assist in various projects  as required  Shifts include days  evenings and nights and the analyst is required","https://www.indeed.ca/rc/clk?jk=07ec24d09d429fff&fccid=d5ea893eb3db8494&vjs=3","5 days ago"
"11","Business Analyst Data Analyst - LER #76910","CG Consulting Group","Toronto  ON","Business Analyst Data Analyst - LER #76910  9 10 2018  6 months to start","https://www.indeed.ca/rc/clk?jk=abeb126021ed31b0&fccid=1a8b006c89f2d7c7&vjs=3","1 hour ago"
"12","Rotational Analyst  Fundamental Investments","CPP Investment Board","Toronto  ON","You will join us as a Rotational Analyst into our Fundamental Investments Program  Rotational Analysts will participate in an initial two-year rotational","https://www.indeed.ca/rc/clk?jk=c2d427837a5522fb&fccid=8e6d7fd4989738e8&vjs=3","1 hour ago"
"13","Analyst Global Transaction Banking - Latin America & Caribbe","TD Bank","Toronto  ON","Tell us your story  Don't go unnoticed  Explain why you're a winning candidate  Think ""TD"" if you crave meaningful work and embrace change like we do  We are","https://www.indeed.ca/rc/clk?jk=bc2db51029ffe079&fccid=d7114f1cac8d0711&vjs=3","1 day ago"
"14","Research and Policy Analyst","York Region","Newmarket  ON","Reporting to Manager  Policy and Environment  and under the guidance and direction of senior staff  is responsible for researching and providing policy","https://www.indeed.ca/rc/clk?jk=65aa9cbcbc7b348c&fccid=f3c54a468b13c9c9&vjs=3","3 hours ago"
"15","Analyst  Cineplex Call and Monitoring Centre","Cineplex","Toronto  ON","The Information Technology department has an immediate opening for the position of Analyst  Cineplex Call and Monitoring Centre (CMC) reporting directly to the","https://www.indeed.ca/rc/clk?jk=9b0d727328da36d0&fccid=01a5b39f260f43cd&vjs=3","1 hour ago"
"16","FIREWALL ANALYST- Juniper & Checkpoint","Rockfort Consulting","Toronto  ON","Manage  troubleshoot and resolve internetwork communication problems on mission critical IP based networks Configure and support Juniper and Checkpoint","https://www.indeed.ca/company/Rockfort-Consulting/jobs/Firewall-Analyst-68ef2f658c122ba1?fccid=ee138a3861e5afcc&vjs=3","6 hours ago"
"17","Analyst Associate - Healthcare - Active Fundamental Equities","CPP Investment Board","Toronto  ON","We are recruiting for an Analyst or Associate focused on the health care sector to work in the Active Fundamental Equities group of Active Equities","https://www.indeed.ca/rc/clk?jk=171426b1ebcf71f3&fccid=8e6d7fd4989738e8&vjs=3","1 hour ago"
"18","Finance — Financial Analyst - Full Time position","Procter & Gamble","Toronto  ON","As the finance analyst of a P&G brand  you are the lead finance resource on a multi-functional team made of Marketing  Sales and Market Planning","https://www.indeed.ca/rc/clk?jk=da932fb6e62c6f9c&fccid=2da0dedf6df97194&vjs=3","30+ days ago"
"19","Analyst","TD Bank","Toronto  ON","Tell us your story  Don't go unnoticed  Explain why you're a winning candidate  Think ""TD"" if you crave meaningful work and embrace change like we do  We are","https://www.indeed.ca/rc/clk?jk=4ac33971313ffeb3&fccid=d7114f1cac8d0711&vjs=3","5 days ago"
"20","Fraud Analyst","BMO Financial Group","Toronto  ON","The Fraud Analyst is accountable to analyze and confirm fraud related transactions across multiple channels  for multiple products  using numerous and diverse","https://www.indeed.ca/rc/clk?jk=1acd91b1137410ee&fccid=3a429036b3725efa&vjs=3","3 hours ago"
"21","Analyst ","Sunnybrook Health Sciences Centre","Toronto  ON","We have a permanent full-time opportunity for an Analyst in our Department of Decision Support at Sunnybrook Health Sciences Centre  Summary of Duties","https://www.indeed.ca/rc/clk?jk=cc2d7edbb79aa768&fccid=2d88a9c34448e1e0&vjs=3","14 days ago"
"22","Operational Program Planning and Quality Assurance Analyst","Government of Canada","Toronto  ON","Transport Canada - Civil Aviation Toronto (Ontario) AS-03 $61 558 to $66 324 Closing date: 28 August 2018 - 23:59  Pacific Time Who can apply: Persons","https://www.indeed.ca/rc/clk?jk=2355888bc92224fd&fccid=6cd53fa2d81ba05b&vjs=3","1 day ago"
"23","Category Analyst","Circle K Corporate","Toronto  ON","*SUMMARY: * Collect  process  and analyze data to ensure appropriate monitoring and execution of the Category Business Plans  Coordinate and communicate","https://www.indeed.ca/company/Circle-K-Corporate/jobs/Category-Analyst-a873ea45a996cf4e?fccid=8af7e4a6002d4fde&vjs=3","2 hours ago"
"24","Marketplace Operations Analyst","NIKE INC","Scarborough  ON","Work closely with network of analysts in MPO as well as internal and external technology  reporting partners to ensure robust  reliable solutions are in place","https://www.indeed.ca/rc/clk?jk=2c44ac3820cd2302&fccid=2c62e4de04b8f952&vjs=3","13 days ago"
"25","4865 ASSOCIATE SCIENTIST I - CA","Luminex","Toronto  ON","We envision a Luminex solution in every lab around the world seeking to obtain timely and confident answers  We aim to lead with transformative solutions that","https://www.indeed.ca/rc/clk?jk=11c533b5d4289ea2&fccid=9739f8ca2b1c972d&vjs=3","30+ days ago"
"26","Risk Analyst  Liquidity Risk","CIBC","Toronto  ON","As the Risk Analyst  you will assist the Director  Liquidity and Non-Trading Risk by calculating and investigating internal and external risk factors regarding","https://www.indeed.ca/rc/clk?jk=a153baca51fb71e4&fccid=f99648405c7e9e3a&vjs=3","9 hours ago"
"27","Analyst Associate  Data Scientist (Investment Analytics and","CPP Investment Board","Toronto  ON","Work in a fast-paced environment  collocated with data engineers  data scientists and portfolio managers  The Investment Analytics and Insights (IAI) Team is","https://www.indeed.ca/rc/clk?jk=60cabf9dbc66e51b&fccid=8e6d7fd4989738e8&vjs=3","1 hour ago"
"28","Financial Analyst","Circle of Care","Toronto  ON","1 Full-time Financial Analyst  The Financial Analyst will be responsible for completing financial reports and assisting in the development of the annual budget","https://www.indeed.ca/rc/clk?jk=9230da0b292ca891&fccid=018cbda689b7e78c&vjs=3","2 hours ago"
"29","AML Analyst - Junior","Robertson & Company Ltd","Toronto  ON","AML Analyst - Junior *(27856-1)  One of our clients  who is among the top 5 banks in Canada  is looking for AML Analyst - Junior  To join their team","https://www.indeed.ca/company/ROBERTSON-&-COMPANY-LTD./jobs/Aml-Analyst-4c60be7c6f09129d?fccid=cc8eaa3e3a3a0ed8&vjs=3","4 hours ago"
"30","Service Desk Analyst","SickKids","Toronto  ON","Exciting Opportunity to be part of a close-knit collaborative team on the ground floor of an dynamic Service Desk reboot as part of a broader ITSM improvement","https://www.indeed.ca/rc/clk?jk=313cc14d7bd418ae&fccid=9645047fb7b1d4e3&vjs=3","6 days ago"
"31","Analyst  Trade Support","CPP Investment Board","Toronto  ON","We are presently recruiting for an Analyst in the Trade Support group  The Trade Support team is accountable for supporting all Public Market and OTC","https://www.indeed.ca/rc/clk?jk=497adbffe7c3ea3e&fccid=8e6d7fd4989738e8&vjs=3","13 days ago"
"32","Research Analyst NEW","Centre for Addiction and Mental Health","Toronto  ON","Reporting to the Independent Scientist (Principal Investigator)  the Research Analyst will assist in the facilitation of multiple research projects in the area","https://www.indeed.ca/rc/clk?jk=64b9b17e96056cc2&fccid=b73617af558c30fd&vjs=3","4 days ago"
"33","Quality Assurance Analyst","Think Research","Toronto  ON","Why us? Think Research is a disruptive and rapidly growing software company that is changing the way healthcare is delivered across Canada  in the U S  and EU","https://www.indeed.ca/rc/clk?jk=919dfcd029b5dc0f&fccid=a1664bcdc67a00ff&vjs=3","1 hour ago"
"34","Financial Analyst  Operations","FGF Brands","Greater Toronto Area  ON","As the Financial Analyst  you will work as a business partner in providing provide overall financial support in making informed strategic decisions & Financial","https://www.indeed.ca/rc/clk?jk=68ab448a262e0f10&fccid=ba8f17420d6035be&vjs=3","5 hours ago"
"35","Agile Test Analyst","CIBC","Toronto  ON","As an Agile Test Analyst  you’ll join CIBC’s Remote Banking & Shared Services department to develop & execute test scenarios and scripts for functional testing","https://www.indeed.ca/rc/clk?jk=8f47f0067000ba14&fccid=f99648405c7e9e3a&vjs=3","9 hours ago"
"36","AR Analyst","Canada Goose","Toronto  ON","The Accounts Receivable Analyst is responsible for supporting the Senior Manager  Credit Global with strategic credit initiatives  maintaining wholesale","https://www.indeed.ca/rc/clk?jk=3971eb6a29e8f02f&fccid=25c58e1028087311&vjs=3","7 days ago"
"37","Analyst  Reconciliations - Toronto  ON","Scotiabank","Toronto  ON","Requisition ID: 36625 Join the Global Community of Scotiabankers to help customers become better off  What your role will be     Analyst  Reconciliations","https://www.indeed.ca/rc/clk?jk=f3e5521721c00e79&fccid=3002307a9e5b4706&vjs=3","4 days ago"
"38","Investment Analyst  Private Capital (2 positions)","Ontario Teachers' Pension Plan","Toronto  ON","Investment Analyst  Private Capital (2 positions)  As an Investment Analyst in Private Capital  you will have a key role in analyzing potential private equity","https://www.indeed.ca/rc/clk?jk=af28b2c97f329c35&fccid=17bf781939cc1c3e&vjs=3","20 days ago"
"39","Programmer Analyst (J O#10914ie)","Toronto Transit Commission","Toronto  ON","We are currently seeking a Programmer Analyst  INFORMATION TECHNOLOGY SERVICES DEPARTMENT","https://www.indeed.ca/rc/clk?jk=d31611e5eae5b9ea&fccid=27e2c072380e79ba&vjs=3","9 hours ago"
"40","Equity Research Analyst","Fidelity Investments","Toronto  ON","The Analyst will generate proprietary fundamental analysis of the sector  the industry  the companies and the stocks by meeting with top management of companies","https://www.indeed.ca/rc/clk?jk=fdc77200378da779&fccid=deb234f9dd3edcea&vjs=3","5 days ago"
"41","Financial Analyst - Contract","Berkshire Hathaway Group  Reinsurance Division","Toronto  ON","We are looking for an ambitious  proactive  confident  self-motivated individual to fill the position of Financial Analyst","https://www.indeed.ca/company/Berkshire-Hathaway-Group,-Reinsurance-Division/jobs/Financial-Analyst-18615e6ac101e94c?fccid=e1278100a4bf0b13&vjs=3","12 hours ago"
"42","Geospatial Scientist I","TD Bank","Toronto  ON","Tell us your story  Don't go unnoticed  Explain why you're a winning candidate  Think ""TD"" if you crave meaningful work and embrace change like we do  We are","https://www.indeed.ca/rc/clk?jk=9edf4a3a592ee455&fccid=d7114f1cac8d0711&vjs=3","7 days ago"
"43","Policy Analyst","John Howard Society of Ontario","Toronto  ON","The Centre of Research  Policy & Program Development at the John Howard Society of Ontario invites applications for the position of Policy Analyst","https://www.indeed.ca/rc/clk?jk=3e15d1a2a8199d42&fccid=4efc35dcfe923c27&vjs=3","26 days ago"
"44","QA Analyst","Toogood Financial Systems Inc","Thornhill  ON","Minimum 3 years of QA Analyst experience  Is seeking a QA Analyst to perform testing on financial applications to ensure they function properly and efficiently","https://www.indeed.ca/company/Toogood-Financial-Systems-Inc./jobs/QA-Analyst-20c28f5f777b1a01?fccid=7d0fc0f52c85e8e1&vjs=3","7 hours ago"
"45","Financial Modeling Analyst","Maesic Consulting Services Inc","Toronto  ON","The Senior financial analyst role offers significant responsibility  independence  executive-level interaction  and career progression potential","https://www.indeed.ca/company/Maesic-Consulting-Services-Inc./jobs/Financial-Modeling-Analyst-8061b6a869011217?fccid=69579f0400b38815&vjs=3","4 days ago"
"46","Global Rewards Analyst","Finastra","Toronto  ON","The Global Reward Analyst will support the design  implementation and delivery of reward programs globally  WHY DO WE LOVE COMING TO WORK EVERY DAY?","https://www.indeed.ca/rc/clk?jk=8b6c234a510e0303&fccid=1f9d0530a51ff611&vjs=3","22 hours ago"
"47","Finance Associate Analyst","PepsiCo","Mississauga  ON","The Customer Development Financial Analyst (Walmart and Small Format) is an exciting role within the PepsiCo Foods organization as it’s at the heart of the","https://www.indeed.ca/rc/clk?jk=2660994d7f2145e7&fccid=2973259ddc967948&vjs=3","7 days ago"
"48","SAP Support Analyst (J O#10895ie)","Toronto Transit Commission","Toronto  ON","SAP SUPPORT ANALYST  We are currently seeking a SAP Support Analyst  INFORMATION TECHNOLOGY SERVICES","https://www.indeed.ca/rc/clk?jk=2804401d47978681&fccid=27e2c072380e79ba&vjs=3","7 days ago"
"49","Analyst Associate  Infrastructure Investments  Global Infras","KPMG LLP","Toronto  ON","Join KPMG’s Global Infrastructure Advisory practice as a member of the Infrastructure Investments Deal Advisory team and play a pivotal role in supporting our","https://www.indeed.ca/rc/clk?jk=f04c72bde7dc0936&fccid=2dd390c3a48a7ed0&vjs=3","7 days ago"
"50","Policy Analyst","City of Mississauga","Mississauga  ON","Req ID: 405 Vacancy Type: Permanent Number of Positions: 1 Closing Date: 09 04 2018 Job Summary Come shape Mississauga’s tomorrow! Reporting to the Director","https://www.indeed.ca/rc/clk?jk=b35fb4cb71492bfb&fccid=32c01abb6b482c7f&vjs=3","7 days ago"
"51","Project Analyst Project Control Officer","TD Bank","Toronto  ON","Tell us your story  Don't go unnoticed  Explain why you're a winning candidate  Think ""TD"" if you crave meaningful work and embrace change like we do  We are","https://www.indeed.ca/rc/clk?jk=686e2a4b5e8496ae&fccid=d7114f1cac8d0711&vjs=3","12 days ago"
"52","Financial Analyst","BSM Technologies","Toronto  ON","The Financial Analyst will be reporting to the VP of Finance  We are looking for a Financial Analyst who will be providing reliable and timely financial","https://www.indeed.ca/company/BSM-Technologies/jobs/Financial-Analyst-bc5b738f403b3fc2?fccid=c8b2a773bfb02f2f&vjs=3","5 hours ago"
"53","Junior Business Analyst (Financial Services)","RPM Technologies","Toronto  ON","The Junior Business Analyst is responsible for defining and documenting client requirements and translating them to specific software requirements","https://www.indeed.ca/company/RPM-Technologies/jobs/Junior-Business-Analyst-17842a0a048f024d?fccid=2fd2931f37a48e59&vjs=3","6 days ago"
"54","IT Service Desk Analyst (Part-time)","Systematix","Toronto  ON","As IT Service Desk Analyst  you will be tasked with providing exceptional levels of customer service and technical support","https://www.indeed.ca/rc/clk?jk=7ac0bc2e6d96a4b1&fccid=6c70c59f51ea3dcf&vjs=3","1 day ago"
"55","Analyst  Promotions and Vendor Support","Indigo Books & Music","Toronto  ON","The Analyst  Promotions and Vendor Support is responsible for the implementation and tracking of all approved promotions for Indigo as well as the processing","https://www.indeed.ca/rc/clk?jk=07fda07598ca6496&fccid=4a6c4ce2d444d091&vjs=3","2 hours ago"
"56","Credit Analyst - Credit Cards","TD Bank","Markham  ON","The successful applicant should have previous credit analyst experience  strong credit acumen and has held credit lending limits","https://www.indeed.ca/rc/clk?jk=c8d2953ea14a9329&fccid=d7114f1cac8d0711&vjs=3","8 hours ago"
"57","Operations Analyst","Bank of America","Toronto  ON","The Operations Analyst will perform diverse supporting functions including liaison with the Banknotes Trading Desk  vendors and business partners","https://www.indeed.ca/rc/clk?jk=93ddb19b2ab04bce&fccid=5bd99dfa21c8a490&vjs=3","4 days ago"
"58","Risk Analyst","TD Bank","Toronto  ON","Tell us your story  Don't go unnoticed  Explain why you're a winning candidate  Think ""TD"" if you crave meaningful work and embrace change like we do  We are","https://www.indeed.ca/rc/clk?jk=d593140618276e1c&fccid=d7114f1cac8d0711&vjs=3","6 days ago"
"59","Junior BI Analyst","Borrowell","Toronto  ON","As a Junior BI Analyst you will be a key member of Borrowell’s Engineering Team  You will be responsible for building reports to inform our engineering and","https://www.indeed.ca/rc/clk?jk=2e45077ae7f18271&fccid=60639b508fa26ec6&vjs=3","4 days ago"
"60","Customer Development Analyst – Global Team (Walmart  Costco","Nestle Canada","Brampton  ON","Customer Development Analyst – Global Team (Walmart  Costco  Amazon)(Job Number:  Good Food  Good Life is the very essence of Nestlé","https://www.indeed.ca/rc/clk?jk=6b7c020b18487402&fccid=bfdac90a7574b77c&vjs=3","2 hours ago"
"61","Access York Scheduling Analyst","York Region","Newmarket  ON","Reporting to the Program Manager  Access York Quality Assurance  is responsible for ensuring staff work schedules are in line with the needs of the Access","https://www.indeed.ca/rc/clk?jk=cd6e5d4446a6b039&fccid=f3c54a468b13c9c9&vjs=3","5 days ago"
"62","Operations Analyst","TD Bank","Toronto  ON","Tell us your story  Don't go unnoticed  Explain why you're a winning candidate  Think ""TD"" if you crave meaningful work and embrace change like we do  We are","https://www.indeed.ca/rc/clk?jk=aa4c12803af17f52&fccid=d7114f1cac8d0711&vjs=3","30+ days ago"
"63","Analyst  Customer Analytics","Star Media Group","Toronto  ON","Job Description (EN) Torstar Corporation is a broadly based  progressive media organization listed on the Toronto Stock Exchange (TS B) with a long  proud","https://www.indeed.ca/rc/clk?jk=1e4872bb7c227b3d&fccid=9efd73339764940c&vjs=3","13 hours ago"
"64","Quality Assurance Analyst","TVO","Toronto  ON","Quality Assurance Analyst  Reviews software requirements with Business Analysts  August 20  2018","https://www.indeed.ca/rc/clk?jk=620488df8161581d&fccid=2b7de53ada11d179&vjs=3","8 days ago"
"65","Analyst  Operatonal Effectiveness","MCAN Mortgage Corporation","Toronto  ON","Job Purpose This position is responsible for the supporting the enterprise wide initiative of MCAN One which focuses on the strengthening of MCAN’s","https://www.indeed.ca/company/MCAN-Mortgage-Corporation/jobs/Analyst-c6b08437cd9442c7?fccid=068bc0fb43348386&vjs=3","5 days ago"
"66","Finance Analyst","PepsiCo","Mississauga  ON","The Customer Development Financial Analyst is an exciting role within the PepsiCo Foods organization as it’s at the heart of the intersection of our Customer","https://www.indeed.ca/rc/clk?jk=df021e8d4e488ce8&fccid=2973259ddc967948&vjs=3","12 days ago"
"67","Actisure Operations Business Analyst","Generali Global Health Services","Thornhill  ON","3-5 years experience working in a Business Analyst or Support Analyst capacity  The Actisure Operations Business Analyst is:","https://www.indeed.ca/rc/clk?jk=7a844eba3cc0596f&fccid=b9c3e1cf62c0ebdd&vjs=3","2 hours ago"
"68","Sales Analyst Coordinator","Coty Canada","Toronto  ON","Sales Analyst Coordinator - Luxury Division *DEPARTMENT:  Customer Supply Chain Manager  Sales Planning Manager  Demand or Supply Analyst","https://www.indeed.ca/company/Coty-Canada/jobs/Sales-Analyst-Coordinator-53a59df9b8c09246?fccid=acdc7bc5324f24b3&vjs=3","11 days ago"
"69","Methodist - Data Analyst","Util Group Limited","Vaughan  ON","Methodist – Data Analyst*  The Methodist – Data Analyst develops and improves manufacturing processes by evaluating  developing and improving manufacturing","https://www.indeed.ca/company/Util-Canada-Lmited/jobs/Methodist-fafe14b3668754d9?fccid=01df3f8ff11548cf&vjs=3","5 hours ago"
"70","Financial Analyst","BMO Financial Group","Scarborough  ON","The Financial Analyst is responsible for the financial accounting  administrative and reporting activities for the business group Talent  Inclusion & Learning","https://www.indeed.ca/rc/clk?jk=c0abe04cd4490c40&fccid=3a429036b3725efa&vjs=3","20 days ago"
"71","Investment Analyst","Artisan Corporation","Toronto  ON","The Analyst is responsible for the output and analysis of investment reporting  acquisitions  dispositions  financing  appraisals and strategic management","https://www.indeed.ca/company/Artisan-Corporation/jobs/Investment-Analyst-41e9cd636aa180b7?fccid=9cf4905c002da2d1&vjs=3","7 days ago"
"72","Data Analyst Student","Town of Oakville","Oakville  ON","Work closely with data sources and financial analyst to reach consensus  Temporary Part-Time (Non-UnionT)","https://www.indeed.ca/rc/clk?jk=01076d684104c793&fccid=0ca031ed26c1951e&vjs=3","5 hours ago"
"73","Junior Business Analyst","Shoppers Drug Mart   Pharmaprix","Toronto  ON","Junior Business Analyst  Unit 3 - 75 Lesmill Road  Toronto  Ontario  M3B 2T8","https://www.indeed.ca/rc/clk?jk=29afbf766e5f749f&fccid=a0495a36a270ed53&vjs=3","30+ days ago"
"74","Global Rewards Analyst","Misys Software Solutions India","Toronto  ON","The Global Reward Analyst will support the design  implementation and delivery of reward programs globally  WHY DO WE LOVE COMING TO WORK EVERY DAY?","https://www.indeed.ca/rc/clk?jk=4094d142737aed50&fccid=6a0542c43c198d48&vjs=3","1 day ago"
"75","Junior Credit Analyst","Eden Park Canada","Etobicoke  ON","An exciting opportunity exists in our Toronto office  walking distance to a bus stop  for the position of Credit Analyst","https://www.indeed.ca/rc/clk?jk=5b5ac99d4e4e31b4&fccid=cb109c040372229e&vjs=3","13 days ago"
"76","Research Analyst - Health and Pharmaceutical Research","Ipsos North America","Toronto  ON","Research Analyst – Toronto  ON  At Ipsos  we make market research work","https://www.indeed.ca/rc/clk?jk=9529b643be9f03be&fccid=d73294b71d7f0354&vjs=3","30+ days ago"
"77","QA Analyst (Functional)","NexJ Systems","Toronto  ON","We are looking for a tenacious problem solver to join our team of QA Analysts working with our application development team","https://www.indeed.ca/rc/clk?jk=9cc7afd279c5aa7a&fccid=ac46725f54278498&vjs=3","28 days ago"
"78","Genetic Biostatistical Analyst","SickKids","Toronto  ON","The Biostatistical Analyst will work with researchers  with the opportunity to supervise and train more junior biostatisticians and trainees","https://www.indeed.ca/rc/clk?jk=b97e4aa67f91fc67&fccid=9645047fb7b1d4e3&vjs=3","30+ days ago"
"79","Market Research Analyst","Decision Resources Group","Toronto  ON","Market Research Analyst Responsibilities:  Talented analysts will experience numerous exciting opportunities during their tenure at DRG including:","https://www.indeed.ca/rc/clk?jk=ba54b753749e62e3&fccid=4c281b4ea1cb3143&vjs=3","10 days ago"
"80","Analyst","Fiera Infrastructure","Toronto  ON","Actively pursuing the Chartered Financial Analyst (CFA) designation with minimum completion of Level 1  Group Insurance Benefits Plan","https://www.indeed.ca/company/Fiera-Infrastructure/jobs/Analyst-f918b771c4e2ca50?fccid=0d80fbcdf0aa42cb&vjs=3","30+ days ago"
"81","Category Analyst","Well ca","Toronto  ON","The Category Analyst will provide financial insight and operational support to help drive the business  At Well ca  we are looking for a talented  committed","https://www.indeed.ca/company/Well.ca/jobs/Category-Analyst-c63083817b26e3f1?fccid=9ec4315e55521007&vjs=3","6 days ago"
"82","Junior Sales Operations Analyst","Citron Hygiene","Markham  ON","Reporting to Sales Operation Analyst  the position of Junior Sales Operation Analyst is to assist Sales Operation Analyst in supporting company’s growth and","https://www.indeed.ca/company/Citron-Hygiene/jobs/Junior-Sales-Operation-Analyst-a846c97a268434a3?fccid=08728af70f5dadd2&vjs=3","6 days ago"
"83","Contract AR Analyst","Citron Hygiene","Markham  ON","The Finance department is looking for an A R Analyst to perform a 3 month contract This incumbent is responsible for reconciling and following up on accounts","https://www.indeed.ca/company/Citron-Hygiene/jobs/Contract-Account-Receivable-Analyst-3aeb610d98418076?fccid=08728af70f5dadd2&vjs=3","9 hours ago"
"84","IT Infrastructure Support Analyst  Various","Canada Revenue Agency","Toronto  ON","Delivers  integrates  enhances  maintains  and supports the operation of IT infrastructure and services  This includes activities  such as: • installing","https://www.indeed.ca/rc/clk?jk=e6ea5d9237c22e8e&fccid=3830f8099b2339f2&vjs=3","30+ days ago"
"85","Business Analyst","SuMO IT Solutions Inc","Toronto  ON","The Business Analyst will liaise with stakeholders from various business units in support of current and future applications","https://www.indeed.ca/company/SuMO-IT-Solutions-Inc./jobs/Business-Analyst-2ae998d3eb6df85f?fccid=0988b2b48389982f&vjs=3","3 days ago"
"86","Junior Equity Analyst Associate (Buy-Side)","EDE Asset Management Inc","Toronto  ON","*EDE Asset is offering a 3-month full-time internship opportunity to new graduates in the financial industry  Join One ofthe Fastest Growing Financial","https://www.indeed.ca/company/EDE-Asset-Management-Inc./jobs/Junior-Equity-Analyst-Associate-88d43674b1f889a5?fccid=648f1e9f2c8de3f4&vjs=3","19 days ago"
"87","Project Analyst","TD Bank","Mississauga  ON","Tell us your story  Don't go unnoticed  Explain why you're a winning candidate  Think ""TD"" if you crave meaningful work and embrace change like we do  We are","https://www.indeed.ca/rc/clk?jk=904fa6f280e9d219&fccid=d7114f1cac8d0711&vjs=3","8 hours ago"
"88","Research Analyst II","SickKids","Toronto  ON","We are seeking an imaging research analyst to work on a project that involves evaluating neonates and children with multimodal MRI and neurodevelopmental","https://www.indeed.ca/rc/clk?jk=05c8f96eff183c4e&fccid=9645047fb7b1d4e3&vjs=3","7 days ago"
"89","Credit Analyst","Priority Car Financing","Toronto  ON","The Credit Analyst is responsible for collecting  analysing and approving customer’s credit applications  In collaboration with the Account Manager the Analyst","https://www.indeed.ca/company/Priority-Car-Financing/jobs/Credit-Analyst-14bffaeaac9cf786?fccid=9149e0d78becae25&vjs=3","30+ days ago"
"90","Fraud Analyst","Rogers Communications","Toronto  ON","At Rogers  we connect Canadians to a world of possibilities and the memorable moments that matter most in their lives  Every day we wake up with one purpose","https://www.indeed.ca/rc/clk?jk=5ba7432de6e2bc93&fccid=b5583ca8df6a68c3&vjs=3","7 days ago"
"91","Financial Analyst I","University Health Network","Toronto  ON","TECHNA was formed to build the expertise in areas of medical technology productization and works with academic clinicians  scientists  and industry to deliver","https://www.indeed.ca/rc/clk?jk=73800a337026a757&fccid=2bef55e014d470c4&vjs=3","5 days ago"
"92","Compensation Analyst","Cineplex","Toronto  ON","The Compensation Analyst will lead the total compensation cycle  which includes merit  bonus  long term incentives and preparing Total Rewards Statements","https://www.indeed.ca/rc/clk?jk=651f520b538844f3&fccid=01a5b39f260f43cd&vjs=3","2 hours ago"
"93","Sales & Forecasting Analyst","Canopy Growth Corporation","Toronto  ON","Reporting to the Manager of Strategic Analytics and Forecasting  the Sales and Forecasting Analyst will be a key contributing member of the Sales Strategy team","https://www.indeed.ca/rc/clk?jk=6fe2c20e6d0cd601&fccid=7da7c33a78f90d65&vjs=3","21 days ago"
"94","Senior Budgets & Reporting Analyst (Temp) (J O#10902ie)","Toronto Transit Commission","Toronto  ON","SENIOR BUDGETS & REPORTING ANALYST  We are currently seeking a temporary Senior Budgets & Reporting Analyst for approximately 12 months","https://www.indeed.ca/rc/clk?jk=f6bdbb15baff0711&fccid=27e2c072380e79ba&vjs=3","5 days ago"
"95","Procurement Analyst","Thales Group","Toronto  ON","The Analyst will mainly be responsible for gathering data  and putting together analyses of that data for the management team to support continuous improvement","https://www.indeed.ca/rc/clk?jk=41c5e3e581ffb021&fccid=b920aab5fd60595d&vjs=3","6 days ago"
"96","Junior Quality Assurance Analyst","RPM Technologies","Toronto  ON","The Junior QA Analyst is an integral member of the Quality Assurance Team  The Junior QA Analyst is responsible for testing RPM applications and software to","https://www.indeed.ca/company/RPM-Technologies/jobs/Junior-Quality-Assurance-Analyst-5f12e09a98ad8e23?fccid=2fd2931f37a48e59&vjs=3","6 days ago"
"97","Equity Research Analyst","EDE Asset Management Inc","Toronto  ON","Is currently recruiting for an experienced analyst to join our research team  EDE Asset Management Inc","https://www.indeed.ca/company/EDE-Asset-Management-Inc./jobs/Equity-Research-Analyst-524806d82d0ef700?fccid=648f1e9f2c8de3f4&vjs=3","14 days ago"
"98","Store Systems Support Analyst","Roots","York  ON","Reporting to the Manager  Store Systems  the Retail Store Systems Support Analyst is responsible for participating and  where applicable  leading in aspects of","https://www.indeed.ca/rc/clk?jk=db441c77b69ac8b5&fccid=6e80dbd03fab8a1f&vjs=3","22 hours ago"
"99","Analyst  Knowledge Mobilization Measurement and Evaluation","University Health Network","Toronto  ON","Reporting to the Manager  KMb Strategy  the Analyst  Knowledge Mobilization Measurement and Evaluation is responsible for bringing evidence informed knowledge","https://www.indeed.ca/rc/clk?jk=2f68108254ab7591&fccid=2bef55e014d470c4&vjs=3","1 day ago"
"100","Analyst  Immigration Administration (11 a m  - 7 p m )","Deloitte","Toronto  ON","Toronto External Posting DescriptionBased within the Toronto office  the Analyst  Immigration is responsible for the day-to-day office activities of a team of","https://www.indeed.ca/rc/clk?jk=2ed9bcead5ec7c9b&fccid=9e215d88a6b33622&vjs=3","14 days ago"
"101","sales analyst","LinHR Consulting Inc","Toronto  ON","Languages English Education Bachelor's degree Experience No experience Other Languages Mandarin How to apply Anyone who can legally work in Canada can","https://www.indeed.ca/rc/clk?jk=f97ba407b2f74f28&fccid=c3fad70f32d84b1b&vjs=3","25 days ago"
"102","Research Analyst","Rakuten Kobo Inc","Toronto  ON","Reporting to our Senior Research Analyst the Research Analyst plays an important supporting role in designing and executing market research and delivering","https://www.indeed.ca/rc/clk?jk=f9b6a925274da32e&fccid=af33012bc464ab62&vjs=3","12 days ago"
"103","Research Analyst - Project Employee - Canada","Navigant","Toronto  ON","Practice Information Navigant’s Global Investigations & Compliance team has unparalleled Anti-Money Laundering Investigations  Compliance and Advisory","https://www.indeed.ca/rc/clk?jk=436b4b935736c8b3&fccid=e74c6397f01ad2cd&vjs=3","30+ days ago"
"104","Analyst  Retail - Enhanced Due Diligence Unit  North York  O","Scotiabank","North York  ON","For relationships considered to be higher risk  the Analyst will investigate and assess the relationship for potential financial  reputational  operational and","https://www.indeed.ca/rc/clk?jk=35b68955b25da732&fccid=3002307a9e5b4706&vjs=3","6 days ago"
"105","Global Business Analyst","Allianz Global Corporate & Specialty","Toronto  ON","Develop appropriate Stakeholder management strategies to effectively engage key stakeholders throughout the lifecycle of the project  based on the analysis of","https://www.indeed.ca/rc/clk?jk=870b04bcb945d829&fccid=bf422d4af99309b2&vjs=3","5 hours ago"
"106","Performance Measurement Analyst - Toronto  ON","Scotiabank","Toronto  ON","Requisition ID: 35705 Join the Global Community of Scotiabankers to help customers become better off  Job Purpose Verify  calculate  interpret  and","https://www.indeed.ca/rc/clk?jk=4cf02759dd2925b6&fccid=3002307a9e5b4706&vjs=3","20 days ago"
"107","Data Analyst","xiBOSS corporation","Toronto  ON","Data Quality Analyst  Our banking client is looking for a Data Quality Analyst to assist the group with analysis and support under various project requirements","https://www.indeed.ca/rc/clk?jk=fcb36c38ddfb9ec5&fccid=129085e3468dce61&vjs=3","5 days ago"
"108","Information Delivery Analyst - Reporting","CIBC Mellon","Toronto  ON","Responsible for managing the solutions and delivery of information to clients  Primary areas of focus includes report fulfillment and support  automating","https://www.indeed.ca/rc/clk?jk=b55590b1d00900e0&fccid=2854a06c335a3da5&vjs=3","7 days ago"
"109","CPA Rotational Analyst  Finance  Analytics & Risk","CPP Investment Board","Toronto  ON","The full-time Analysts participating in this program will gain experience in multiple departments across the Finance  Analytics and Risk (FAR) department","https://www.indeed.ca/rc/clk?jk=8e344affa49a945a&fccid=8e6d7fd4989738e8&vjs=3","1 hour ago"
"110","Analyst  Deposit Performance Optimization","Tangerine Bank","North York  ON","The Deposit Performance Analyst reports directly to the Senior Manager of Deposit Performance Optimization","https://www.indeed.ca/rc/clk?jk=3e13848c2cf0119a&fccid=6e94a7799cf3a837&vjs=3","4 days ago"
"111","Workforce Analyst","BelairDirect","North York  ON","Our Workforce Department is looking for a talented Workforce Analyst to work from any of our Ontario locations (Toronto  North York or Ottawa)","https://www.indeed.ca/rc/clk?jk=5705907a7fc7cdb7&fccid=0e8abdfb30d504a2&vjs=3","3 days ago"
"112","Junior Test Analyst","Tangerine Bank","North York  ON","The Junior Test Analyst is responsible for working closely with other test analysts  developers and project coordinators to ensure proper functionality with","https://www.indeed.ca/rc/clk?jk=11cdee74ccab1b02&fccid=6e94a7799cf3a837&vjs=3","5 days ago"
"113","Business Operations Analyst","SnapTravel","Toronto  ON","We are looking for a Business Operations Analyst with 2+ years of experience to join our growing Business Operations team!","https://www.indeed.ca/rc/clk?jk=a7cf9b4eead20637&fccid=960d8f54f5a1520f&vjs=3","5 days ago"
"114","Systems Analyst (2) (J O#10896ie)","Toronto Transit Commission","Toronto  ON","SYSTEMS ANALYST (2)  We are currently seeking two Systems Analyst  Creating logical database designs and working with Database Analysts to ensure proper","https://www.indeed.ca/rc/clk?jk=abdf3adae1167aca&fccid=27e2c072380e79ba&vjs=3","7 days ago"
"115","sales analyst","Choy Foong Int'l Trading Co  Inc","Scarborough  ON","Languages English Education No degree  certificate or diploma or equivalent experience Experience 5 years or more Specific Skills Plan development projects","https://www.indeed.ca/rc/clk?jk=f1db9d0c8b69fb2f&fccid=086816f23b9540dd&vjs=3","4 days ago"
"116","Operations Analyst","Ritual","Toronto  ON","----------- DESCRIPTION ----------- At Ritual  amazing service is at our core  We're obsessive about wowing our merchant partners and customers via the","https://www.indeed.ca/rc/clk?jk=b87c835c93ad143f&fccid=d70f4f0ef2567fb8&vjs=3","27 days ago"
"117","Analyst - Financial Crime Analytics","Deloitte","Toronto  ON","As an Analyst  you will be working on the creation of financial crime analytic insights during our client engagements leveraging the following:","https://www.indeed.ca/rc/clk?jk=73ad9409c79621c6&fccid=9e215d88a6b33622&vjs=3","7 days ago"
"118","MARKET RESEARCH ANALYST","Aurora Cannabis Inc","Toronto  ON","MARKET RESEARCH ANALYST*  Reporting to the Analytics Manager – Market Research  the Market Research Analyst will be responsible for:  Aurora Cannabis Inc","https://www.indeed.ca/company/Aurora-Cannabis-Inc./jobs/Market-Research-Analyst-63adeafbbb52c4d8?fccid=84c55ca88eb1bf47&vjs=3","8 days ago"
"119","Accounting Analyst - Contract","ESET  LLC","Toronto  ON","JR-00807 Accounting Analyst - Contract (Open)  The Accounting analyst is responsible for general accounting functions and financial reporting in accordance with","https://www.indeed.ca/rc/clk?jk=ae1426824a95163f&fccid=400cd81956b05df7&vjs=3","3 hours ago"
"120","Advisory Analyst","Spaulding Ridge","Toronto  ON","Ideal candidates to our Analyst class will possess the following:  Spaulding Ridge is a boutique management consulting firm specializing in business","https://www.indeed.ca/rc/clk?jk=4a1e703fae5475d7&fccid=fc78daff26515f48&vjs=3","10 days ago"
"121","NAM Canada Treasury and Trade Solutions (TTS)  Full Time Ana","Citi","Toronto  ON","Citi’s Institutional Client Group (ICG) is looking for Full-Time Analysts to join the Canadian Treasury and Trade Solutions (TTS) team","https://www.indeed.ca/rc/clk?jk=bfb114ed92fab200&fccid=5bcd1ef0a7f4fb99&vjs=3","14 days ago"
"122","Junior Sustainability Data Analyst","RiskCheck Inc","North York  ON","Is a leading Environmental  Health and Safety Risk Management company seeking a Junior Sustainability Data Analyst to support its GreenCheck sustainability","https://www.indeed.ca/company/ContractorCheck-Limited/jobs/Junior-Sustainability-Data-Analyst-b861f49748732948?fccid=47624fe92839ad52&vjs=3","18 days ago"
"123","Operations Logistics Coordinator & EDI Analyst","Shoemax   Taxi Footwear","Toronto  ON","Our growing company is looking for a dedicated employee to assist our management team in various significant tasks  This is a great opportunity to enhance","https://www.indeed.ca/company/Shoemax/jobs/Operation-Logistic-Coordinator-EDI-Analyst-353904c857586a28?fccid=413806260bea9017&vjs=3","20 days ago"
"124","Business Analyst 2 - Functional Analyst","Capgemini","Toronto  ON","Business Analysts structure  analyze and visualize an enterprise’s current state  You are a self-reliant analyst who has mastered at least one methodology","https://www.indeed.ca/rc/clk?jk=8dc8489b716841a7&fccid=105ecfd0283f415f&vjs=3","4 hours ago"
"125","Business Analyst  Reporting","Reliance Home Comfort","Toronto  ON","Business Analyst  Reporting  The analyst will be responsible for providing scheduled and adhoc reporting to the business  capturing key performance indicator","https://www.indeed.ca/rc/clk?jk=e485c2ca16a3d8e5&fccid=9aa40cd2accb7367&vjs=3","6 days ago"
"126","Demand Planning Analyst","Tempur Sealy Canada Ltd","Scarborough  ON","Demand Planning Analyst (Toronto  Ontario) *  The Demand Planning Analyst is responsible for the development of a demand forecast for adjustable bases for both","https://www.indeed.ca/company/Sealy-Canada-Ltd./jobs/Demand-Planning-Analyst-c418890eef4cc025?fccid=8c71807c61145ffb&vjs=3","1 day ago"
"127","Sales Operations Analyst","TradeGecko","Toronto  ON","We’re looking for a Sales Operations Analyst that has a readiness to learn new concepts  a natural hunger to excel  and is highly personable","https://www.indeed.ca/rc/clk?jk=53069707d757af7f&fccid=77236296412f4f95&vjs=3","5 days ago"
"128","Inventory Allocation Analyst","Miniso Canada","Toronto  ON","Inventory allocation analyst Responsibilities*:  MINISO is a lifestyle retail brand established in 2013 in Tokyo with a range of quality  innovative and","https://www.indeed.ca/company/Miniso-Canada/jobs/Inventory-Allocation-Analyst-3354b4b3476d0e3b?fccid=b30982533a2f9e77&vjs=3","6 days ago"
"129","Quality Analyst (Capital markets)","Capgemini","Toronto  ON","Should possess exemplary communication skills to direct interact with client   business analyst   development team as well as internal stakeholder along with","https://www.indeed.ca/rc/clk?jk=75a938cdc2e1c087&fccid=105ecfd0283f415f&vjs=3","8 days ago"
"130","IT Analyst","Soroc Technology Inc","Toronto  ON","Our client is seeking a high level IT Analyst that comes with a broad range or data centre knowledge  administration  and some hands-on experience","https://www.indeed.ca/company/Soroc/jobs/IT-Analyst-15626d41d4c76d21?fccid=d38cefdd078345a2&vjs=3","3 hours ago"
"131","Client Service Delivery Analyst - Montreal or Toronto","West Corporation","Toronto  ON","West Digital Communications is looking for a Client Service Delivery Analyst to add to its team in Toronto  ON","https://www.indeed.ca/rc/clk?jk=39d1a010d6aa9100&fccid=b2b9c1092824ddba&vjs=3","18 days ago"
"132","Billing Analyst","McCarthy Tetrault","Toronto  ON","RESPONSIBILITIES Building and maintaining effective working relationships with billing lawyers  paralegals  legal assistants and external clients  and","https://www.indeed.ca/rc/clk?jk=93fcfd95a394c624&fccid=ed4834a657d79e32&vjs=3","2 days ago"
"133","Junior Scientist  Cultivation","MedReleaf Corp","Markham  ON","Junior Scientist  Cultivation Permanent  full-time Based out of Markham  Ontario About MedReleaf Voted Top Licensed Producer at the 2017 Lift Canadian","https://www.indeed.ca/company/MedReleaf-Corp./jobs/Junior-Scientist-87b0e28e8ef8f5b4?fccid=7a32b31805241489&vjs=3","1 day ago"
"134","Credit Analyst","Shinhan Bank Canada","Greater Toronto Area  ON","Commercial Banking – Credit Analyst  Shinhan Bank Canada  Greater Toronto Area (GTA)","https://www.indeed.ca/company/Shinhan-Bank-Canada/jobs/Credit-Analyst-5b9333b34c2c2138?fccid=c5ebd59268492ccf&vjs=3","12 days ago"
"135","QA Analyst","QA Consultants","North York  ON","Why You Should Join QA Consultants You will make a difference…Everyday QA Consultants helps companies around North America protect their most cherished","https://www.indeed.ca/company/QA-Consultants/jobs/QA-Analyst-d70595394e3762cf?fccid=a3b1501b262d993d&vjs=3","7 days ago"
"136","DATA ANALYST","College of Massage Therapists of Ontario (CMTO)","Toronto  ON","CMTO is actively seeking a talented and passionate Data Analyst  3-5 years’ progressive experience as a researcher or data analyst responsible for conducting","https://www.indeed.ca/company/College-of-Massage-Therapists-of-Ontario/jobs/Data-Analyst-1edc03287700549c?fccid=75444eabbf1e38f4&vjs=3","1 day ago"
"137","ICM Technical Analyst","IBM","Toronto  ON","Job Description Join our diverse team working across 3 countries the Incentive Compensation Management solutions  You will have an opportunity to work","https://www.indeed.ca/rc/clk?jk=c6e7be8fe72d94d7&fccid=de71a49b535e21cb&vjs=3","3 days ago"
"138","Retail Location Analyst","Hi Street Partners","Toronto  ON","Hi Street Partners  a cannabis retail company  is a seeking a retail location analyst on a contract basis in order to run detailed location analyses on the","https://www.indeed.ca/company/Hi-Street-Partners-Inc./jobs/Retail-Location-Analyst-26747f2ccf1559a8?fccid=3217a40a498600b7&vjs=3","6 hours ago"
"139","SALES ANALYST - INTERNATIONAL","Aurora Cannabis Inc","Toronto  ON","SALES ANALYST - INTERNATIONAL  Reporting to the Analytics Manager – Medical Markets  the Sales Analyst*  Aurora Cannabis Inc","https://www.indeed.ca/company/Aurora-Cannabis-Inc./jobs/Sales-Analyst-538d92d0ed669f9b?fccid=84c55ca88eb1bf47&vjs=3","8 days ago"
"140","Rewards Analyst - University","Willis Towers Watson","Toronto  ON","As an Analyst  you will work side-by-side with some of the industry’s top consultants while you develop cutting edge technical knowledge and skills and gain","https://www.indeed.ca/rc/clk?jk=589bdcaa5885d7d6&fccid=52f90de7b5346a08&vjs=3","4 days ago"
"141","Geographic Information Systems Analyst","Halton Regional Police Services","Oakville  ON","The Halton Regional Police Service is seeking a permanent full time Geographic Information Systems (GIS) Analyst with proven experience in map data and mapping","https://www.indeed.ca/company/Halton-Police-Service/jobs/Geographic-Information-System-Analyst-d54300bdc1db6056?fccid=a02a1b7b7e343d0c&vjs=3","27 days ago"
"142","Operations Analyst","TOC Logistics Inc","Vaughan  ON","We are looking for a strong operations professional who can wear multiple hats have a broader impact than a traditional Analyst role can offer","https://www.indeed.ca/company/Jamie-Alexander/jobs/Operation-Analyst-98714dcd01b3be0c?fccid=88a57ff565f39b5e&vjs=3","3 hours ago"
"143","Analyst Research  Industrial-Toronto","Cushman & Wakefield","Toronto  ON","Integrate yourself into the world of industrial market intelligence and become a key contributor to differentiating market information  Build relationships","https://www.indeed.ca/rc/clk?jk=7976e46b544600e8&fccid=a5c381a5b33228a1&vjs=3","6 days ago"
"144","Data Scientist","Quartic ai","Oakville  ON","Our team is made up of world-class data scientists  software developers  and industry experts with decades of experience","https://www.indeed.ca/rc/clk?jk=8fff4fe8636f61e4&fccid=27a9bbc740b2dc87&vjs=3","30+ days ago"
"145","Quality Analyst","AAA Canada","Downsview  ON","The Quality Analyst is responsible for ensuring the Quality program meets established requirements through analysis  planning  and auditing  About the Job","https://www.indeed.ca/rc/clk?jk=9961780f272dade7&fccid=0fb85a8e68c1fa26&vjs=3","30+ days ago"
"146","Performance Management and Reporting Analyst","Shaw Communications","Toronto  ON","Performance Management and Reporting Analyst  The Care Process and Support team located in Toronto is currently seeking a Performance Management and Reporting","https://www.indeed.ca/rc/clk?jk=a7d8a26ba75eade7&fccid=0261b4753802fd26&vjs=3","1 day ago"
"147","Trade Support Analyst - (15 Month Contract)","RBC","Toronto  ON","The Canadian Mortgage Investment group (CMIG) in RBC Capital Markets is looking to hire a Trade Support Analyst to join its Operations team","https://www.indeed.ca/rc/clk?jk=3828ec3ba78ea8e5&fccid=537b899e30af3338&vjs=3","4 days ago"
"148","Capital Budget and Data Analyst","City of Mississauga","Mississauga  ON","Req ID: 412 Vacancy Type: Permanent Number of Positions: 1 Closing Date: 10 09 2018 Job Summary Under the direction of the Manager  Planning Development and","https://www.indeed.ca/rc/clk?jk=35e5ae269a76a3fb&fccid=32c01abb6b482c7f&vjs=3","4 days ago"
"149","Planning Analyst","Toys R Us","Concord  ON","Analyst level role  Merchandise Planning Analyst in the Merchandising  The Planning Analyst will develop  maintain  analyze and","https://www.indeed.ca/rc/clk?jk=f3b09493da993b44&fccid=c12aaac4832a8052&vjs=3","4 days ago"
"150","Reinsurance Analyst (Full-time and 6-month Contract Position","LOGiQ3","Toronto  ON","Thanks for stopping by to check out this opportunity! We are excited to be looking for our next team members to join our Reinsurance Admin Business Ops team","https://www.indeed.ca/rc/clk?jk=fd958d8e31492e6c&fccid=67e83e4ca329873b&vjs=3","7 days ago"
"151","Risk and Valuations Analyst","TD Bank","Toronto  ON","Lead a team of analysts through the daily measurement  analysis and reporting of profit and loss  market risk  and credit risk exposures for the Residential","https://www.indeed.ca/rc/clk?jk=33109c555d53ea4b&fccid=d7114f1cac8d0711&vjs=3","6 days ago"
"152","Data Entry Analyst","CannTrust Inc","Vaughan  ON","The Data Entry Analyst is responsible for maintaining accurate and timely inventory records for entry into our inventory records  Who We Are*","https://www.indeed.ca/company/CannTrust/jobs/Data-Entry-Analyst-97f3fa3cb421b1d4?fccid=d3d52eb8b39b6be3&vjs=3","8 days ago"
"153","Junior Business Analyst","the turn lab","Toronto  ON","SUMMARY Who we are: theturnlab works with brands and organizations committed to turning (sh)it around  We are change agents  providing our clients with 360°","https://www.indeed.ca/rc/clk?jk=5f11f56d7ceaff4a&fccid=0262f2fb6cdaeb4e&vjs=3","10 days ago"
"154","Development Analyst","GWL Realty Advisors","Toronto  ON","Our ideal candidate will have a minimum of 2 years of real estate analyst experience  At GWL Realty Advisors  we recognize that our success as a business","https://www.indeed.ca/rc/clk?jk=5404f8655e480a3c&fccid=749b06750ef081e1&vjs=3","4 days ago"
"155","Knowledge Management - Analyst","Soho Square Solutions","Toronto  ON","*Job Description: * This position is for an entry-level professional contributor in Knowledge Management  who works under close supervision  to analyze","https://www.indeed.ca/company/soho-square-solutions/jobs/Knowledge-Management-5789022f26008d26?fccid=b5c56095b3a67c4b&vjs=3","4 days ago"
"156","Financial Analyst","Brookfield Asset Management","Toronto  ON","Brookfield is a leading global alternative asset manager  focused on investing in long-life  high quality assets across real estate  infrastructure  renewable","https://www.indeed.ca/rc/clk?jk=9b6de0acfff2c4ad&fccid=852c780b83794741&vjs=3","17 days ago"
"157","Business Analyst","Voiant Group","Toronto  ON","As a Business Analyst your mission will be to work directly with Fortune 500 companies across Canada to implement disruptive software solutions that will","https://www.indeed.ca/company/Voiant-Group/jobs/Business-Analyst-4b0276cf413e5479?fccid=d746da619526befd&vjs=3","7 days ago"
"158","Job Cost Analyst","Black & McDonald Limited","Scarborough  ON","Black & McDonald Limited is actively seeking Job Cost Analysts to support the Southern Ontario Region's Accounting and Finance Team  Our Strength  Our Future","https://www.indeed.ca/rc/clk?jk=8de94c3974d02393&fccid=b6fe9ea5e20211f8&vjs=3","11 days ago"
"159","Business Analyst","Tjene","Toronto  ON","Technical Analysts are responsible for Integrated Workplace Management Software design & configuration  new lease standard advisory  business intelligence","https://www.indeed.ca/company/Tjene/jobs/Business-Analyst-d9abb7cf62171605?fccid=3a54996999675cb8&vjs=3","15 days ago"
"160","Confirmations Analyst","RBC","Toronto  ON","The Fixed Income Derivative Operations group under RBC Capital Markets is looking to hire a Confirmations Analyst to join its Toronto Office","https://www.indeed.ca/rc/clk?jk=4dbb0c2a13c71daa&fccid=537b899e30af3338&vjs=3","13 days ago"
"161","Billing Analyst","Citron Hygiene","Markham  ON","The Billing Analyst will be responsible for revenue invoicing and related support issues for the Canadian business","https://www.indeed.ca/company/Citron-Hygiene/jobs/Billing-Analyst-81dc6f11e7aa6e53?fccid=08728af70f5dadd2&vjs=3","5 days ago"
"162","Event Planning Analyst","BMO Financial Group","Toronto  ON","The Event & Planning Analyst is:  The Event & Planning Analyst provides subject matter expertise in the scheduling  planning and execution of events","https://www.indeed.ca/rc/clk?jk=313974bbb6df3b69&fccid=3a429036b3725efa&vjs=3","30+ days ago"
"163","Research Analyst","Overbond","Toronto  ON","The Research Analyst will work as part of a growing team reporting to the Head of Product  The Research Analyst will be responsible for producing and","https://www.indeed.ca/rc/clk?jk=b1bacb57219909f5&fccid=571991c776701fba&vjs=3","30+ days ago"
"164","System Support Analyst","German Star Motors Inc","Scarborough  ON","We are looking for a System Support Analyst  To join our growing Professional Services team","https://www.indeed.ca/company/German-Star-Motors-Inc/jobs/System-Support-Analyst-826084957cc1407b?fccid=1c7b96a6864381a9&vjs=3","1 day ago"
"165","Jr  Credit Analyst","Cambridge Global Payments","Toronto  ON","RoleTitle Junior Credit Analyst  In business for over 20 years  Cambridge is a leading provider of global payments and currency","https://www.indeed.ca/rc/clk?jk=11010834822f52ee&fccid=f24b1a7b1b739df2&vjs=3","30+ days ago"
"166","Business Analyst","Bell","Toronto  ON","Certification in Project Management and or Business Analysis and or project delivery experience as a Business Analyst or Project Management","https://www.indeed.ca/rc/clk?jk=2d317a89e899ebf3&fccid=6d9b8e75dfffb17e&vjs=3","6 days ago"
"167","Contact Centre Operations Analyst","CST Consultants Inc","North York  ON","Contact Centre Operations Analyst  3+ years contact centre operations analyst or related experience  The Contact Centre Operations Analyst reports to the","https://www.indeed.ca/company/CST-Consultants-Inc./jobs/Contact-Centre-Operation-Analyst-9b9f27f51b72cc5a?fccid=0637381a9efee7a4&vjs=3","8 days ago"
"168","Marketing Analyst","National Silicates Partnership","Toronto  ON","*Wage: * 37 10 per hour Hours:  37 5 hours week Permanent and Full-Time Position Benefits:  Disability benefits  Medical benefits  Dental benefits","https://www.indeed.ca/company/National-Silicates-Partnership/jobs/Marketing-Analyst-f977f2ad2feeee89?fccid=fc99b7a8768f5225&vjs=3","12 days ago"
"169","Allocations Analyst","Mondelez International","Toronto  ON","Analyst will need to be able to communicate effectively and efficiently with different cross functional departments and levels within the Organization verbally","https://www.indeed.ca/rc/clk?jk=e51033f0d30ea00b&fccid=0ba2244fbaa16b6c&vjs=3","8 days ago"
"170","Data Analyst  Business Systems Analyst","Infotek Consulting Services","Mississauga  ON","Data Analyst  Business Systems Analyst  Six months contract- right to hire","https://www.indeed.ca/company/Infotek-Consulting-Services/jobs/Data-Analyst-a9cabb5ae6c9332c?fccid=92cee550eff01b55&vjs=3","4 hours ago"
"171","Applied Research Scientist","Element AI","Toronto  ON","The chance to work with one of Canada's most prolific  passionate and dedicated community of ML & AI researchers  developers and scientists","https://www.indeed.ca/rc/clk?jk=f4877cb3db3cf4e7&fccid=98c522aa9024c59e&vjs=3","30+ days ago"
"172","QA Analyst IV","TekStaff IT Solutions","Toronto  ON","*SUMMARY: MUST HAVE: 1 ) Experience in Tableau – 3 years 2 ) Experience as QA Analyst – 8 years 3 ) QA Lead skills - 2 years 4 ) Experience in ETL and SQL","https://www.indeed.ca/company/TekStaff-IT-Solutions/jobs/QA-Analyst-4af34cedb7f28f57?fccid=35a6e34d9a964df9&vjs=3","11 hours ago"
"173","Analyst  Energy and Resources","CPP Investment Board","Toronto  ON","We are currently hiring Analysts for the Energy and Resources group within our Real Assets department in Toronto","https://www.indeed.ca/rc/clk?jk=f3982e54ba3b25ea&fccid=8e6d7fd4989738e8&vjs=3","27 days ago"
"174","Analyst or Senior Analyst  Transfer Pricing","MNP","Toronto  ON","We are seeking an Analyst or Senior Analyst for our growing Transfer Pricing team  Completion of Chartered Business Valuator (CBV) designation or Chartered","https://www.indeed.ca/rc/clk?jk=5c421465f0604045&fccid=b47ebb2dfcbc3f5b&vjs=3","26 days ago"
"175","Analyst  Underwriting  CIBC Innovation Banking","CIBC","Toronto  ON","You demonstrate experience in commercial lending or adjudication  or relevant analyst experience  As an Analyst  Underwriting you will be involved with","https://www.indeed.ca/rc/clk?jk=5a85b919cb6fdf66&fccid=f99648405c7e9e3a&vjs=3","30+ days ago"
"176","Analyst  Corporate Strategy","nanopay Corporation","Toronto  ON","The Analyst will also be an integral part of developing executive level communication for investors  board members and senior management","https://www.indeed.ca/rc/clk?jk=f6f8f978b155dafb&fccid=147e1322c26e5aec&vjs=3","7 days ago"
"177","Data Analyst","Uken Games","Toronto  ON","Uken is looking for someone passionate about data to join our team  You will play a vital role in improving existing games and launching new ones by providing","https://www.indeed.ca/rc/clk?jk=a3251646273f368c&fccid=339dd03f8e21339f&vjs=3","19 days ago"
"178","Logistics Analyst","Celestica","Toronto  ON","We are currently seeking a Logistics Analyst to join our Global Logistics and Trade Compliance team in Toronto to assist our growth in our dynamic markets:","https://www.indeed.ca/rc/clk?jk=dbfe7a756bea0b2a&fccid=e7e593a18b26fee3&vjs=3","6 days ago"
"179","Analyst  Power & Renewables","CPP Investment Board","Toronto  ON","The Analyst assists in evaluating potential power & renewables investment opportunities by conducting research  developing recommendations  participating in the","https://www.indeed.ca/rc/clk?jk=5d74641b4c648dd5&fccid=8e6d7fd4989738e8&vjs=3","27 days ago"
"180","Budgeting Analyst","Shaw Communications","Toronto  ON","The Finance Planning & Analysis team located in downtown Toronto is currently seeking a Budgeting Analyst to join their team","https://www.indeed.ca/rc/clk?jk=678944b5ab207d27&fccid=0261b4753802fd26&vjs=3","7 days ago"
"181","Business Analyst","Astra North Infoteck Inc","Toronto  ON","Business Analyst--Payments 1 Must have knowledge and experience in Payments  2 Perform analysis on business needs relating to new processes and document","https://www.indeed.ca/company/Astra-North-Infoteck-Inc./jobs/Business-Analyst-f9eade1afdcf3ef7?fccid=9ab71c29ca7cf970&vjs=3","4 days ago"
"182","Assistant Scientist  Analytical","Contract Pharmaceuticals","Mississauga  ON","Assistant Scientist  Analytical Development – PDS  Assistant Scientist within this group is responsible for the analytical method development  method validation","https://www.indeed.ca/rc/clk?jk=4f49eede6d2f978f&fccid=6525965316335d3e&vjs=3","12 days ago"
"183","Senior Intern Analyst  Fundamental Investments","CPP Investment Board","Toronto  ON","You will join us as a Senior Intern Analyst for the Summer of 2019 in a number of departments within our Active Equities  Credit Investments  Private Equity and","https://www.indeed.ca/rc/clk?jk=838a5f0fd61067e2&fccid=8e6d7fd4989738e8&vjs=3","1 hour ago"
"184","FP&A Analyst-Allstream","Zayo Group","Toronto  ON","Allstream is seeking FP&A Analysts in Vancouver  WA US and Toronto  ON CAD to join the organization  This role will aid in consolidated financial reporting","https://www.indeed.ca/rc/clk?jk=71994ea2a50248ee&fccid=44666e7051739fbb&vjs=3","5 days ago"
"185","Junior Quality Assurance Analyst","Tier1CRM Inc","Toronto  ON","Our QA analysts participate in testing all aspects of our application  including the data  business logic and presentation layers","https://www.indeed.ca/company/Tier1CRM-Inc./jobs/Junior-Quality-Assurance-Analyst-9f7f84e75976cea0?fccid=df4eae715a6849be&vjs=3","5 days ago"
"186","Analyst - Financial Advisory Services - Financial Crime Anal","Deloitte","Toronto  ON","As an Analyst you will:  Visualization – Tableau  IBM i2 Analyst Notebook and Power BI  As an Analyst  you will be working on the creation of financial crime","https://www.indeed.ca/rc/clk?jk=b7964a23fe09980e&fccid=9e215d88a6b33622&vjs=3","18 hours ago"
"187","Finance Operations Analyst","BMO Financial Group","Toronto  ON","The Finance Operations Analyst is responsible for projects and transactions accounting  monthly labour spend accruals and exceptions reporting for the","https://www.indeed.ca/rc/clk?jk=3ed8e31ad821d180&fccid=3a429036b3725efa&vjs=3","11 days ago"
"188","Acquisitions Analyst","CAPREIT","Toronto  ON","The Acquisitions Analyst is responsible for preparing financial models  co-ordinating and administering the due diligence process  and preparing Investment","https://www.indeed.ca/rc/clk?jk=0bf3f5fca78c3abc&fccid=b91683544db7de15&vjs=3","30+ days ago"
"189","Junior Application Support Analyst","Paul Davis Restoration  Inc","Greater Toronto Area  ON","From our Mississauga office  the Junior Application Support Analyst is responsible for the data entry and data integrity of our internal Franchise Management","https://www.indeed.ca/rc/clk?jk=1996394e5ac1a7be&fccid=fe594f3bb0c31c6d&vjs=3","30+ days ago"
"190","Analyst  Business Performance & Growth","Points International","Toronto  ON","Points is looking for an Analyst  Business Performance & Growth to join our team for a permanent position in our downtown Toronto office","https://www.indeed.ca/rc/clk?jk=14f11271495c4239&fccid=5c98f9ffc20e640f&vjs=3","19 days ago"
"191","Information Security Analyst","Sun Life Financial","North York  ON","Information Security Analyst  Once the required experience and aptitude has been shown  expectation will be that the Information Security Analyst will start to","https://www.indeed.ca/rc/clk?jk=784c53fd2ae64b2f&fccid=4271edc9c2f82254&vjs=3","7 days ago"
"192","Records Management Analyst  Diocese of Hamilton","Arma Toronto","Toronto  ON","Records Management Analyst  Please include “Records Management Analyst – Diocese of Hamilton” in the subject line","https://www.indeed.ca/rc/clk?jk=686c519c49715429&fccid=43de062d6c916190&vjs=3","17 hours ago"
"193","Cash Management Analyst","Brookfield Asset Management","Toronto  ON","Brookfield is a global alternative asset manager with $285 billion in assets under management  We have over a 100-year history of owning and operating assets","https://www.indeed.ca/rc/clk?jk=527a2ea7ac8d134f&fccid=852c780b83794741&vjs=3","6 days ago"
"194","Supply Chain Analyst","Viva Naturals","Toronto  ON","Supply Chain Analyst  Our Supply Chain Analysts ensure that our finished products are in stock and available to our loyal customers  People love our products!","https://www.indeed.ca/rc/clk?jk=568a22589c12c3e7&fccid=da54ddb3128012a3&vjs=3","13 days ago"
"195","Research Scientist - Machine Learning","Element AI","Toronto  ON","Building strong collaborative relationship with scientists and software developers  You will collaborate closely both with software developers and with","https://www.indeed.ca/rc/clk?jk=c9146bafe74f71be&fccid=98c522aa9024c59e&vjs=3","9 hours ago"
"196","Regional Analyst","Audi Canada","Ajax  ON","Regional Analyst - AUD001023  We are currently looking for a Regional Analyst in our Canadian Headquarters in Ajax  Ontario","https://www.indeed.ca/rc/clk?jk=ab01490e6f161b2a&fccid=36b273863c7d1c41&vjs=3","12 days ago"
"197","Research Assistant 2 NEW","Centre for Addiction and Mental Health","Toronto  ON","Reporting to the Senior and Affiliate Scientists (Principal Investigators) and Coordinator of this new research project  the Research Assistants will be","https://www.indeed.ca/rc/clk?jk=4d62a0777171374d&fccid=b73617af558c30fd&vjs=3","1 day ago"
"198","Analyst-GIS","Peel Regional Police","Brampton  ON","The Analyst-GIS is responsible for analyzing  administering  managing  and maintaining corporate mapping programs  including street updates and address","https://www.indeed.ca/rc/clk?jk=deccf7f6d68fa944&fccid=ebcd1db36a5db5ba&vjs=3","18 days ago"
"199","Data Scientist","StackPros Inc","Toronto  ON","StackPros will rely on the Data Scientist to support the Data Systems team across many types of projects  The Data Scientist will play a key role at StackPros","https://www.indeed.ca/company/StackPros-Inc./jobs/Data-Scientist-0228aa7a83364115?fccid=efee8d7cab418992&vjs=3","5 days ago"
"200","Data Integrity & Research Analyst Nephrology","Humber River Hospital","Toronto  ON","Right now we’re looking for a Full Time Data Integrity & Research Analyst to work in our Neprology Program team  Hours of work:","https://www.indeed.ca/rc/clk?jk=183054fa72125ab9&fccid=1e90be9374de5a8b&vjs=3","19 days ago"
"201","Market Analyst  Personal Insurance","Travelers","Toronto  ON","Company Information Solid reputation  passionate people and endless opportunities  That's Travelers  Our superior financial strength and consistent record of","https://www.indeed.ca/rc/clk?jk=ca43473b21dde317&fccid=916ff25d86c6fe24&vjs=3","5 days ago"
"202","QA Analyst I","Merieux NutriSciences","Mississauga  ON","Ability to add tests to set programming under the supervision of a QA Analyst II or higher  The incumbent is responsible for performing quality assurance","https://www.indeed.ca/rc/clk?jk=3f3cc658fbb52eb7&fccid=d9730ee60ea1fce1&vjs=3","6 days ago"
"203","QA Analyst Tester","Veriday Inc","Mississauga  ON","Bachelor’s degree in Computer Science or related discipline from an accredited institution with 1-2 years of relevant experience as QA Analyst","https://www.indeed.ca/company/Veriday/jobs/QA-Analyst-Tester-74c1cb9c42c03299?fccid=5754ae103d63dc76&vjs=3","7 days ago"
"204","Telecommunication Support Analyst","Tangerine Bank","North York  ON","The Telecom Support Analyst will report directly to the Senior Manager Telecommunication and Contact Center","https://www.indeed.ca/rc/clk?jk=550434346b33e89a&fccid=6e94a7799cf3a837&vjs=3","4 days ago"
"205","Business Analyst with experience in Finance Reconciliation","Cognizant","Toronto  ON","Finance Reconciliation BA Proficiency Level – Advanced These roles will be analyzing and creating 3 way reconciliations (source  GL and sub ledger) to","https://www.indeed.ca/rc/clk?jk=e026e4edb3f87185&fccid=2df6a1e69a70a1e7&vjs=3","12 hours ago"
"206","Analyst Associate  Technology Media & Telecommunications","Sustainalytics","Toronto  ON","Research  analyze and rate the ESG performance of TMT sector companies and prepare profiles to be published in Sustainalytics’ Global Access portal; Research","https://www.indeed.ca/rc/clk?jk=c06847c718ab8973&fccid=14c890d9829a35bc&vjs=3","6 days ago"
"207","Mobile QA Analyst","Prodigy Game","Toronto  ON","As a Quality Assurance Analyst at Prodigy you will be part of an amazing team helping millions of kids learn math in an entirely unprecedented and fun way","https://www.indeed.ca/rc/clk?jk=52fd007b968446e5&fccid=147229ef59343574&vjs=3","21 hours ago"
"208","Actuarial Analyst","Berkshire Hathaway Group  Reinsurance Division","Toronto  ON","The Company has an Actuarial Analyst Development Program that provides support for the actuarial exams  Berkshire Hathaway Group  Reinsurance Division is a","https://www.indeed.ca/company/Berkshire-Hathaway-Group,-Reinsurance-Division/jobs/Actuarial-Analyst-48340f56cd039cb4?fccid=e1278100a4bf0b13&vjs=3","11 hours ago"
"209","Reports Analyst","Infotek Consulting Services","Toronto  ON","We are looking for a Reporting Analyst for a 1 year contract to start  Junior to Intermediate level","https://www.indeed.ca/company/Infotek-Consulting-Services/jobs/Report-Analyst-2da6c0ef464f5b22?fccid=92cee550eff01b55&vjs=3","19 days ago"
"210","Field Application Scientist - Toronto  Canada","10x Genomics","Toronto  ON","The Field Applications Scientist is responsible for performing system usage trainings at customer sites  while providing experimental design  data analysis","https://www.indeed.ca/rc/clk?jk=49177344901f4ada&fccid=b77c27a9d900998b&vjs=3","4 days ago"
"211","Quality Data Analyst - Healthcare","Aramark","Toronto  ON","Aramark Canada is hiring for a Quality Data Analyst in their Healthcare team  ARMK) proudly serves Fortune 500 companies  world champion sports teams  state-of","https://www.indeed.ca/rc/clk?jk=32326044cd1aea85&fccid=ef670f88bdb8a879&vjs=3","8 days ago"
"212","Test QA Analyst III","TD Bank","Toronto  ON","Tell us your story  Don't go unnoticed  Explain why you're a winning candidate  Think ""TD"" if you crave meaningful work and embrace change like we do  We are","https://www.indeed.ca/rc/clk?jk=1a1a4808afe961d2&fccid=d7114f1cac8d0711&vjs=3","20 hours ago"
"213","Customer Support Analyst - Technical Role","Mercatus Technologies","Toronto  ON","As part of the Client Success Department  the Support Analyst is responsible for providing technical support to Mercatus clients","https://www.indeed.ca/company/Mercatus-Technologies/jobs/Customer-Support-Analyst-4903831a40906572?fccid=855419fd71bb7056&vjs=3","23 hours ago"
"214","Analyst  CPA Program","Shoppers Drug Mart   Pharmaprix","Toronto  ON","Location: 22 St  Clair Avenue East  Toronto  Ontario  M4T 2S7 Take ownership and find more ways to care about our local store owners in a career at Shoppers","https://www.indeed.ca/rc/clk?jk=a02071feabfed078&fccid=a0495a36a270ed53&vjs=3","19 days ago"
"215","Sr Analyst  Strategy & Planning - Entry Level","LoyaltyOne","Toronto  ON","The Opportunity\: The key objective of this role is to provide market  financial and strategic data and insights to support senior management decisions about","https://www.indeed.ca/rc/clk?jk=fc98656fa3a7efdd&fccid=2018a73c53179d10&vjs=3","10 days ago"
"216","Business Analyst Intermediate - Toronto ON","Scotiabank","Toronto  ON","Requisition ID: 37355 Join the Global Community of Scotiabankers to help customers become better off  Reporting to the Operations Team  the BA will be","https://www.indeed.ca/rc/clk?jk=c01d19006d0b3af8&fccid=3002307a9e5b4706&vjs=3","4 days ago"
"217","Disability Analyst","Scarborough and Rouge Hospital","Toronto  ON","Company Biography: At Scarborough and Rouge Hospital (SRH)  the patient experience comes first  With three hospital sites (Birchmount  General and Centenary)","https://www.indeed.ca/rc/clk?jk=77f34c15c298fef7&fccid=6c9bf1e422ec0e9c&vjs=3","30+ days ago"
"218","Data Analyst","Mindshare","Toronto  ON","The Data Analyst is the interpreter of all data generated through digital campaigns  They will have an understanding of what key elements will ensure campaign","https://www.indeed.ca/rc/clk?jk=865d15ce9453ff7e&fccid=7c09b9795120f0d4&vjs=3","1 day ago"
"219","Business Analyst","City of Mississauga","Mississauga  ON","Req ID: 413 Vacancy Type: Temporary Number of Positions: 1 Closing Date: 09 03 2018 This position is a 18 months contract  Job Summary Reporting to the","https://www.indeed.ca/rc/clk?jk=49b1f46f5d17c3a2&fccid=32c01abb6b482c7f&vjs=3","8 days ago"
"220","Analytical Chemist","Toronto Research Chemicals Inc","North York  ON","TRC manufactures over 90 000 research chemicals used by scientists in over 90 countries; Toronto Research Chemicals has significantly grown from a one-man part","https://www.indeed.ca/company/TORONTO-RESEARCH-CHEMICALS-INC./jobs/Analytical-Chemist-61faaafe9973ce85?fccid=7fe6d904cb0d9e89&vjs=3","1 day ago"
"221","Transit Advisory Analyst","Stantec","Toronto  ON","The Transit Advisory Analyst position offers great opportunities for professional growth; We create the connections that get people and goods moving—whether by","https://www.indeed.ca/rc/clk?jk=aba2b2d0ab98384b&fccid=21a8fd40bfbef78d&vjs=3","7 days ago"
"222","AML ATF Analyst","Millennium 1 Solutions","Toronto  ON","Position Overview: Reporting to the Supervisor  you will be performing investigative and assessment activities  working reports and verifying information to","https://www.indeed.ca/rc/clk?jk=77f58b07e7f37808&fccid=19cd440c9ff5c3d4&vjs=3","14 days ago"
"223","Planning Analyst  Finished Goods","Griffith Foods","Toronto  ON","GRIFFITH FOODS Griffith Foods is a global manufacturer of food products  We provide a wide range of taste and texture components for food industry customers","https://www.indeed.ca/rc/clk?jk=448ca0a638f09b67&fccid=1cd7bac8475b31c6&vjs=3","19 days ago"
"224","Financial Analyst","The Cadillac Fairview Corporation Limited","Toronto  ON","Build your future with Cadillac Fairview! At Cadillac Fairview  we are so much more than our properties  We are building leaders at all levels  We offer the","https://www.indeed.ca/rc/clk?jk=e8e7a32f603b78a2&fccid=debef63c8dbe472f&vjs=3","6 days ago"
"225","M&A Analytics & Visualization Analyst","Deloitte","Toronto  ON","As an Analyst  M&A Analytics & Visualization you will be required to:  The Mergers & Acquisitions (M&A) Transaction Services group is seeking an Analyst  M&A","https://www.indeed.ca/rc/clk?jk=b54e906e8671aa18&fccid=9e215d88a6b33622&vjs=3","25 days ago"
"226","Admin Assistant","SickKids","Toronto  ON","Reporting to the Manager  Paediatric Business Operations  the Administrative Assistant will provide high level administrative support to 2-3 academic","https://www.indeed.ca/rc/clk?jk=6da53726f7336d73&fccid=9645047fb7b1d4e3&vjs=3","4 days ago"
"227","Data Scientist","ThinkData","Toronto  ON","We need a Data Scientist to join ThinkData and work as a key member of our data and analytics team  We’re looking for a Data Scientist with a few years of","https://www.indeed.ca/rc/clk?jk=85db0c4b9dd0d204&fccid=49ed55a65d937012&vjs=3","19 days ago"
"228","Business and Administration Analyst","Sun Life Financial","Toronto  ON","The Business and Administration Analyst is accountable for providing support to the Group Life & Disability Central Claims team and Integrated Health Solutions","https://www.indeed.ca/rc/clk?jk=324015de57f0f85b&fccid=4271edc9c2f82254&vjs=3","8 days ago"
"229","HRIS Analyst","Bell","Toronto  ON","Req Id: 202432 Bell is a truly Canadian company with over 138 years of success  We are defined by the passion of our team members and their belief in our","https://www.indeed.ca/rc/clk?jk=8fe17ebbcb0b74d3&fccid=6d9b8e75dfffb17e&vjs=3","30+ days ago"
"230","Analyst  Decision Support - IPM Team","University Health Network","Toronto  ON","We are currently looking for a Decision Support Analyst (Quality Data Analyst) to join our Toronto Integrated Performance Measurement team","https://www.indeed.ca/rc/clk?jk=9da182976eccd459&fccid=2bef55e014d470c4&vjs=3","6 days ago"
"231","4865 SCIENTIST LEVEL 1 - CA","Luminex","Toronto  ON","We envision a Luminex solution in every lab around the world seeking to obtain timely and confident answers  We aim to lead with transformative solutions that","https://www.indeed.ca/rc/clk?jk=bddc7bb9a1ab3701&fccid=9739f8ca2b1c972d&vjs=3","30+ days ago"
"232","Analyst  Talent Technology","Walmart Canada","Mississauga  ON","The Analyst  Talent Technology Analyst provides system-wide support in the operational administration and upgrade implementation of an enterprise wide Learning","https://www.indeed.ca/rc/clk?jk=a0a6fafcfec3480b&fccid=822bc5d9a49270ea&vjs=3","15 days ago"
"233","Microbiology Analyst","Merieux NutriSciences","Markham  ON","Train analysts where required and participate in the training programs  The incumbent prepares samples for processing and maintains process documentation to","https://www.indeed.ca/rc/clk?jk=13bd0eda4f70227b&fccid=d9730ee60ea1fce1&vjs=3","6 days ago"
"234","Environmental Engineer or Scientist (Intermediate Associate)","30 Forensic Engineering","Toronto  ON","The Environmental Engineer or Scientist (Intermediate Associate) will report directly to the Principal of the Environmental & Remediation Group and will","https://www.indeed.ca/rc/clk?jk=66624338a664e41f&fccid=a32600d25a426364&vjs=3","30+ days ago"
"235","QA Analyst","Infotek Consulting Services","Toronto  ON","Experience as QA Analyst – 8 years  Duration 1 year with the possibility of extension and or conversion","https://www.indeed.ca/company/Infotek-Consulting-Services/jobs/QA-Analyst-2513b99299ba2791?fccid=92cee550eff01b55&vjs=3","1 day ago"
"236","Servicing Analyst","BMO Financial Group","Toronto  ON","Fulfill routine and frequently non-routine transactions  internal business partner and or external customer inquiries  requests  and or audit  reconciliation","https://www.indeed.ca/rc/clk?jk=e03289db96c80e69&fccid=3a429036b3725efa&vjs=3","30+ days ago"
"237","Customer Development Accounts Analyst","PepsiCo","Mississauga  ON","The Customer Development Accounts ( CDA ) Analyst contributes to The PepsiCo Beverage Canada success by maintaining responsibility for all aspects foodservice","https://www.indeed.ca/rc/clk?jk=6f5d538b2dca0524&fccid=2973259ddc967948&vjs=3","19 days ago"
"238","Analyst","CARQUEST Canada","Toronto  ON","CARQUEST Canada is seeking a dynamic  results-driven Financial Analyst – Inventory Accounting  Reporting to the Director of Finance  the Analyst is responsible","https://www.indeed.ca/rc/clk?jk=ab0b5a711d05a7c2&fccid=a8cc372befad335e&vjs=3","30+ days ago"
"239","Business Analyst","Orkestra SCS","Toronto  ON","We’re looking for an (Eager & Dynamic) Business Analyst  At Orkestra we love our work  our customers and our teammates *","https://www.indeed.ca/company/Orkestra-SCS/jobs/Business-Analyst-48fa74e904b8d43a?fccid=7f98f1dbdf97276e&vjs=3","18 days ago"
"240","Sr Analyst  Private Banking Strategy & Performance Measureme","TD Bank","Toronto  ON","The Senior Analyst  Private Banking Strategy & Performance management has the unique opportunity to enable this growth by implementing strategic initiatives","https://www.indeed.ca/rc/clk?jk=86ca744d25f7a5ff&fccid=d7114f1cac8d0711&vjs=3","1 day ago"
"241","Analyst – Toronto","RIMES Technologies Corporation","Toronto  ON","If this sounds like the sort of job you’d like to take on  email your CV to jobs@rimes com and put “RTUS – ANALYST – Toronto” in the subject line","https://www.indeed.ca/rc/clk?jk=965d41b4fb52b725&fccid=f3ab5ade4709df0b&vjs=3","30+ days ago"
"242","Analyst  Private Equity Accounting","Timbercreek Asset Management","Toronto  ON","Timbercreek is seeking an Analyst on the Private Equity Accounting team who will thrive in a fast-paced  environment","https://www.indeed.ca/rc/clk?jk=41f36f2db522e278&fccid=d4e9539936e25627&vjs=3","4 days ago"
"243","Fraud Analyst","Stack IT","Toronto  ON","Our Financial client Downtown Toronto is looking part time Fraud Analysts that is in the process or of graduating or has already finished graduating with a","https://www.indeed.ca/company/Employers-Bench-Hiring-for-Sales-in-Furniture-Company/jobs/Fraud-Analyst-22fd6c83c77feb85?fccid=48103610848a4f60&vjs=3","6 days ago"
"244","Financial Analyst","xiBOSS corporation","Toronto  ON","Our banking client is looking for a Financial Analyst to join their P&CB Financial Control Department  6 months contract","https://www.indeed.ca/rc/clk?jk=432c54b2d0e44a72&fccid=129085e3468dce61&vjs=3","6 days ago"
"245","Product Solutions Analyst","Fidelity Investments","Toronto  ON","Job Description Business Overview: Institutional Products and Marketing is responsible for the product shelf that is accessible to large institutional","https://www.indeed.ca/rc/clk?jk=1e726476b7ed32ed&fccid=deb234f9dd3edcea&vjs=3","5 days ago"
